Accession	Start	End	Size	Norm_Cov	Smooth_Cov	Structure	DNA/CMC-EnSpm	DNA/TcMar-Fot1	LINE/CRE	LTR/Copia	LTR/Gypsy	Simple_repeat	Unknown	Unspecified	rRNA	Repeat_bp	Repeat_fraction	Category
CP047902.1	0	14000	14000	1	0.01	Deletion	0.0	0.0	2410.0	0.0	0.0	586.0	9144.0	2546.0	0.0	14686.0	1.05	Window with repeats
CP047902.1	136000	143500	7500	0	0.0	Deletion	1662.0	0.0	0.0	0.0	0.0	0.0	2595.0	124.0	0.0	4381.0	0.58	Window with repeats
CP047902.1	1298500	1307000	8500	0	0.12	Deletion	0.0	0.0	0.0	0.0	8066.0	359.0	2548.0	7990.0	0.0	18963.0	2.23	Window with repeats
CP047902.1	1312000	1319500	7500	0	0.0	Deletion	0.0	0.0	0.0	0.0	7500.0	0.0	814.0	5927.0	0.0	14241.0	1.9	Window with repeats
CP047902.1	2283500	2296463	13000	0	0.02	Deletion	0.0	0.0	52.0	0.0	0.0	353.0	12483.0	698.0	0.0	13586.0	1.05	Window with repeats
CP047903.1	265000	297500	32500	0	0.01	Deletion	0.0	0.0	0.0	0.0	0.0	190.0	1270.0	20306.0	25409.0	47175.0	1.45	Window with repeats
CP047903.1	852000	869000	17000	0	0.01	Deletion	0.0	0.0	0.0	289.0	16283.0	64.0	2859.0	13410.0	0.0	32905.0	1.94	Window with repeats
CP047903.1	1635500	1645092	10000	0	0.0	Deletion	0.0	0.0	46.0	0.0	0.0	361.0	9026.0	1441.0	0.0	10874.0	1.09	Window with repeats
CP047904.1	0	8500	8500	0	0.0	Deletion	0.0	0.0	0.0	0.0	0.0	375.0	8403.0	921.0	0.0	9699.0	1.14	Window with repeats
CP047904.1	1379000	1387500	8500	0	0.16	Deletion	0.0	0.0	0.0	0.0	6558.0	225.0	2720.0	8455.0	0.0	17958.0	2.11	Window with repeats
CP047904.1	1393500	1401500	8000	0	0.03	Deletion	0.0	0.0	0.0	0.0	7712.0	0.0	1039.0	6200.0	0.0	14951.0	1.87	Window with repeats
CP047904.1	1409000	1417000	8000	0	0.01	Deletion	0.0	0.0	0.0	0.0	7876.0	0.0	1223.0	6389.0	0.0	15488.0	1.94	Window with repeats
CP047904.1	1581000	1595965	15000	0	0.01	Deletion	0.0	0.0	102.0	0.0	0.0	468.0	12580.0	1268.0	0.0	14418.0	0.96	Window with repeats
CP047905.1	0	35500	35500	0	0.0	Deletion	0.0	0.0	903.0	0.0	524.0	821.0	35949.0	2603.0	0.0	40800.0	1.15	Window with repeats
CP047905.1	742500	766500	24000	0	0.12	Deletion	0.0	0.0	0.0	0.0	23921.0	572.0	4928.0	22729.0	0.0	52150.0	2.17	Window with repeats
CP047905.1	1096000	1118100	22500	0	0.0	Deletion	0.0	0.0	153.0	0.0	0.0	695.0	22663.0	1883.0	0.0	25394.0	1.13	Window with repeats
CP047906.1	0	24500	24500	0	0.0	Deletion	0.0	0.0	441.0	0.0	76.0	595.0	9423.0	2684.0	0.0	13219.0	0.54	Window with repeats
CP047906.1	495500	503000	7500	0	0.02	Deletion	1662.0	0.0	0.0	0.0	0.0	66.0	2595.0	233.0	0.0	4556.0	0.61	Window with repeats
CP047906.1	1576000	1583500	7500	0	0.0	Deletion	0.0	0.0	0.0	0.0	7500.0	0.0	802.0	5917.0	0.0	14219.0	1.9	Window with repeats
CP047906.1	1838000	1856052	18500	0	0.09	Deletion	0.0	0.0	0.0	0.0	524.0	254.0	11836.0	1577.0	0.0	14191.0	0.77	Window with repeats
CP047907.1	790000	818000	28000	0	0.1	Deletion	0.0	0.0	0.0	0.0	21302.0	650.0	2947.0	31015.0	0.0	55914.0	2.0	Window with repeats
CP047907.1	1423500	1433473	10000	0	0.0	Deletion	0.0	0.0	102.0	0.0	0.0	290.0	9355.0	1189.0	0.0	10936.0	1.09	Window with repeats
CP047908.1	204000	211000	7000	0	0.03	Deletion	0.0	0.0	0.0	0.0	0.0	64.0	0.0	62.0	0.0	126.0	0.02	Structural variant
CP047908.1	835500	882500	47000	0	0.06	Deletion	0.0	0.0	0.0	0.0	44836.0	1146.0	10156.0	48736.0	0.0	104874.0	2.23	Window with repeats
CP047908.1	1402000	1408304	6500	0	0.01	Deletion	0.0	0.0	51.0	0.0	0.0	358.0	5169.0	892.0	0.0	6470.0	1.0	Window with repeats
CP047909.1	0	10500	10500	0	0.05	Deletion	0.0	0.0	0.0	0.0	0.0	226.0	13092.0	431.0	0.0	13749.0	1.31	Window with repeats
CP047909.1	335500	342500	7000	0	0.0	Deletion	0.0	0.0	0.0	0.0	0.0	122.0	0.0	62.0	0.0	184.0	0.03	Structural variant
CP047909.1	899500	922000	22500	0	0.05	Deletion	0.0	0.0	0.0	0.0	22494.0	302.0	3914.0	21689.0	0.0	48399.0	2.15	Window with repeats
CP047910.1	0	13500	13500	0	0.01	Deletion	0.0	0.0	63.0	0.0	0.0	379.0	9210.0	1584.0	0.0	11236.0	0.83	Window with repeats
CP047910.1	818500	836500	18000	0	0.1	Deletion	0.0	0.0	0.0	0.0	16425.0	394.0	2842.0	19209.0	0.0	38870.0	2.16	Window with repeats
CP047910.1	1165500	1186450	21000	0	0.0	Deletion	933.0	0.0	1489.0	0.0	0.0	355.0	14845.0	1135.0	0.0	18757.0	0.89	Window with repeats
CP047911.1	0	10000	10000	0	0.02	Deletion	0.0	0.0	880.0	0.0	217.0	216.0	8571.0	658.0	0.0	10542.0	1.05	Window with repeats
CP047911.1	475000	480000	5000	0	0.04	Deletion	0.0	0.0	0.0	0.0	0.0	190.0	151.0	3553.0	0.0	3894.0	0.78	Window with repeats
CP047911.1	836500	861000	24500	0	0.02	Deletion	0.0	0.0	0.0	0.0	19040.0	322.0	4118.0	22766.0	0.0	46246.0	1.89	Window with repeats
CP047911.1	1066500	1078416	12000	0	0.0	Deletion	0.0	0.0	0.0	0.0	558.0	294.0	5270.0	1441.0	0.0	7563.0	0.63	Window with repeats
CP047912.1	0	15000	15000	0	0.02	Deletion	0.0	0.0	873.0	0.0	0.0	563.0	12699.0	1151.0	0.0	15286.0	1.02	Window with repeats
CP047912.1	885000	904000	19000	0	0.32	Deletion	0.0	0.0	0.0	0.0	16278.0	524.0	2622.0	17648.0	0.0	37072.0	1.95	Window with repeats
CP047912.1	905000	928500	23500	0	0.04	Deletion	0.0	0.0	0.0	336.0	22014.0	141.0	4974.0	19587.0	0.0	47052.0	2.0	Window with repeats
CP047912.1	1392000	1400000	8000	0	0.01	Deletion	0.0	0.0	0.0	0.0	7805.0	0.0	1201.0	6305.0	0.0	15311.0	1.91	Window with repeats
CP047912.1	1536500	1569079	33000	0	0.0	Deletion	933.0	0.0	1489.0	0.0	0.0	342.0	15746.0	1703.0	0.0	20213.0	0.61	Window with repeats
CP047913.1	765000	771011	6500	0	0.01	Deletion	0.0	0.0	51.0	0.0	0.0	247.0	3247.0	599.0	0.0	4144.0	0.64	Window with repeats
CP047914.1	0	18000	18000	0	0.0	Deletion	96.0	0.0	51.0	0.0	0.0	448.0	9725.0	2513.0	0.0	12833.0	0.71	Window with repeats
CP047914.1	597500	621500	24000	0	0.18	Deletion	0.0	0.0	0.0	0.0	19744.0	370.0	3568.0	26004.0	0.0	49686.0	2.07	Window with repeats
CP047914.1	746000	753000	7000	2	1.86	Duplication	1647.0	0.0	77.0	0.0	206.0	99.0	3720.0	206.0	0.0	5955.0	0.85	Window with repeats
CP047915.1	0	33000	33000	0	0.02	Deletion	0.0	0.0	1648.0	0.0	0.0	1166.0	28479.0	4438.0	0.0	35731.0	1.08	Window with repeats
CP047915.1	497500	531500	34000	0	0.08	Deletion	0.0	0.0	0.0	0.0	30769.0	192.0	6880.0	30121.0	0.0	67962.0	2.0	Window with repeats
CP047915.1	690500	986000	295500	2	2.01	Duplication	119.0	730.0	0.0	0.0	0.0	3559.0	1748.0	4632.0	0.0	10788.0	0.04	Structural variant
