Accession	Start	End	Coverage	Norm_Median	Smooth_Median	Structure	Overlap_bp	Window_Size	Repeat_fraction	Sample
CP003820.1	0	2300	402.13	7.62	7.38	DUPLICATION	0	2300	0.0	PMY3443
CP003820.1	2400	12000	9.56	0.18	0.11	DELETION	9313	9600	0.97	PMY3443
CP003820.1	975700	983100	0.85	0.02	0.01	DELETION	7400	7400	1.0	PMY3443
CP003820.1	1409300	1412100	7.34	0.14	0.11	DELETION	2800	2800	1.0	PMY3443
CP003820.1	2077300	2077900	8.39	0.16	0.32	DELETION	0	600	0.0	PMY3443
CP003820.1	2153900	2158800	11.95	0.23	0.12	DELETION	2195	4900	0.45	PMY3443
CP003820.1	2277000	2281000	12.65	0.24	0.11	DELETION	4000	4000	1.0	PMY3443
CP003820.1	2282200	2283800	139.9	2.65	2.32	DUPLICATION	1596	1600	1.0	PMY3443
CP003820.1	2284000	2286400	4.25	0.08	0.08	DELETION	2399	2400	1.0	PMY3443
CP003820.1	2289100	2289200	64.72	1.23	1.61	DUPLICATION	100	100	1.0	PMY3443
CP003821.1	47400	49400	7.23	0.14	0.2	DELETION	2000	2000	1.0	PMY3443
CP003821.1	57000	59000	6.77	0.13	0.19	DELETION	2000	2000	1.0	PMY3443
CP003821.1	111500	115200	1.43	0.03	0.03	DELETION	48	3700	0.01	PMY3443
CP003821.1	272500	274100	2.76	0.05	0.08	DELETION	1349	1600	0.84	PMY3443
CP003821.1	274300	281100	1465.05	27.77	27.27	DUPLICATION	4005	6800	0.59	PMY3443
CP003821.1	281300	283000	3.87	0.07	0.18	DELETION	1700	1700	1.0	PMY3443
CP003821.1	840000	851800	7.42	0.14	0.07	DELETION	11784	11800	1.0	PMY3443
CP003821.1	858000	859400	6.34	0.12	0.28	DELETION	1400	1400	1.0	PMY3443
CP003821.1	866600	868300	3.3	0.06	0.11	DELETION	1700	1700	1.0	PMY3443
CP003821.1	871500	873500	10.07	0.19	0.16	DELETION	2000	2000	1.0	PMY3443
CP003821.1	1620500	1621675	1.66	0.03	0.03	DELETION	1175	1175	1.0	PMY3443
CP003822.1	0	9000	22.11	0.42	0.16	DELETION	8538	9000	0.95	PMY3443
CP003822.1	941300	944200	6.31	0.12	0.11	DELETION	2900	2900	1.0	PMY3443
CP003822.1	1395400	1408500	1.55	0.03	0.01	DELETION	10950	13100	0.84	PMY3443
CP003822.1	1572100	1575141	1.59	0.03	0.03	DELETION	3040	3041	1.0	PMY3443
CP003823.1	0	8800	15.7	0.3	0.16	DELETION	8743	8800	0.99	PMY3443
CP003823.1	733200	737400	18.88	0.36	0.16	DELETION	4200	4200	1.0	PMY3443
CP003823.1	739700	742500	16.15	0.31	0.3	DELETION	2800	2800	1.0	PMY3443
CP003823.1	1081000	1083800	38.98	0.74	0.2	DELETION	2785	2800	0.99	PMY3443
CP003824.1	0	1100	134.23	2.54	0.34	DELETION	1096	1100	1.0	PMY3443
CP003824.1	2000	2900	36.86	0.7	0.29	DELETION	900	900	1.0	PMY3443
CP003824.1	482300	487200	11.98	0.23	0.11	DELETION	2172	4900	0.44	PMY3443
CP003824.1	1515500	1516400	13.22	0.25	0.33	DELETION	0	900	0.0	PMY3443
CP003824.1	1560700	1563200	3.98	0.08	0.08	DELETION	2500	2500	1.0	PMY3443
CP003824.1	1814700	1814975	2.71	0.05	0.07	DELETION	204	275	0.74	PMY3443
CP003825.1	0	2000	2.06	0.04	0.04	DELETION	1996	2000	1.0	PMY3443
CP003825.1	787600	789600	15.32	0.29	0.29	DELETION	0	2000	0.0	PMY3443
CP003825.1	801000	805200	18.51	0.35	0.23	DELETION	4200	4200	1.0	PMY3443
CP003825.1	806000	809800	15.27	0.29	0.18	DELETION	3800	3800	1.0	PMY3443
CP003825.1	814400	816700	3.28	0.06	0.06	DELETION	0	2300	0.0	PMY3443
CP003825.1	1419300	1422463	1.25	0.02	0.02	DELETION	3130	3163	0.99	PMY3443
CP003826.1	0	6400	0.92	0.02	0.01	DELETION	6389	6400	1.0	PMY3443
CP003826.1	536100	537900	15.8	0.3	0.23	DELETION	1800	1800	1.0	PMY3443
CP003826.1	540300	541500	14.97	0.28	0.31	DELETION	1200	1200	1.0	PMY3443
CP003826.1	546800	548100	10.68	0.2	0.38	DELETION	1299	1300	1.0	PMY3443
CP003826.1	1399300	1399503	3.57	0.07	0.07	DELETION	198	203	0.98	PMY3443
CP003827.1	0	11100	7.4	0.14	0.09	DELETION	10442	11100	0.94	PMY3443
CP003827.1	11700	12100	41.57	0.79	0.37	DELETION	400	400	1.0	PMY3443
CP003827.1	474200	476300	14.16	0.27	0.26	DELETION	2098	2100	1.0	PMY3443
CP003827.1	486900	499500	3.23	0.06	0.03	DELETION	12598	12600	1.0	PMY3443
CP003827.1	1389200	1398693	3.6	0.07	0.03	DELETION	9337	9493	0.98	PMY3443
CP003828.1	0	13000	0.82	0.02	0.01	DELETION	7072	13000	0.54	PMY3443
CP003828.1	818700	826800	8.15	0.15	0.1	DELETION	8100	8100	1.0	PMY3443
CP003828.1	1160200	1161500	121.22	2.3	1.92	DUPLICATION	388	1300	0.3	PMY3443
CP003828.1	1161600	1186808	4.97	0.09	0.0	DELETION	20264	25208	0.8	PMY3443
CP003829.1	0	1600	2.57	0.05	0.07	DELETION	1181	1600	0.74	PMY3443
CP003829.1	1053800	1059964	50.04	0.95	0.04	DELETION	4338	6164	0.7	PMY3443
CP003830.1	0	5800	15.7	0.3	0.01	DELETION	5018	5800	0.87	PMY3443
CP003830.1	901300	910800	0.86	0.02	0.02	DELETION	7364	9500	0.78	PMY3443
CP003830.1	914700	917600	7.81	0.15	0.13	DELETION	2899	2900	1.0	PMY3443
CP003830.1	1387300	1394000	9.9	0.19	0.12	DELETION	6700	6700	1.0	PMY3443
CP003830.1	1542100	1561994	0.49	0.01	0.01	DELETION	15466	19894	0.78	PMY3443
CP003831.1	0	6900	6.95	0.13	0.02	DELETION	6508	6900	0.94	PMY3443
CP003832.1	200	7500	3.4	0.06	0.04	DELETION	7291	7300	1.0	PMY3443
CP003832.1	592500	593700	26.08	0.49	0.27	DELETION	1200	1200	1.0	PMY3443
CP003832.1	614900	617100	7.16	0.14	0.21	DELETION	2200	2200	1.0	PMY3443
CP003832.1	755000	756744	16.56	0.31	0.31	DELETION	1018	1744	0.58	PMY3443
CP003833.2	0	400	13.24	0.25	0.36	DELETION	399	400	1.0	PMY3443
CP003833.2	157000	159200	0.51	0.01	0.01	DELETION	0	2200	0.0	PMY3443
CP003833.2	340800	342800	99.17	1.88	1.8	DUPLICATION	0	2000	0.0	PMY3443
CP003833.2	351900	354200	2.5	0.05	0.05	DELETION	0	2300	0.0	PMY3443
CP003833.2	449500	453800	1.25	0.02	0.02	DELETION	4190	4300	0.97	PMY3443
CP003833.2	455500	458800	2.08	0.04	0.04	DELETION	3298	3300	1.0	PMY3443
CP003833.2	460700	463500	110.73	2.1	2.18	DUPLICATION	2800	2800	1.0	PMY3443
CP003833.2	941900	942867	15.64	0.3	0.31	DELETION	967	967	1.0	PMY3443
CP003820.1	0	12700	5.09	0.09	0.04	DELETION	10013	12700	0.79	PMY3391
CP003820.1	308900	311700	4.65	0.08	0.06	DELETION	166	2800	0.06	PMY3391
CP003820.1	339700	350300	151.2	2.53	2.49	DUPLICATION	0	10600	0.0	PMY3391
CP003820.1	975500	983500	0.6	0.01	0.0	DELETION	7883	8000	0.99	PMY3391
CP003820.1	987900	989600	10.61	0.18	0.2	DELETION	1699	1700	1.0	PMY3391
CP003820.1	990800	995200	9.62	0.16	0.08	DELETION	4399	4400	1.0	PMY3391
CP003820.1	996000	998300	28.62	0.48	0.33	DELETION	2300	2300	1.0	PMY3391
CP003820.1	1408700	1412200	0.26	0.0	0.0	DELETION	3432	3500	0.98	PMY3391
CP003820.1	2076100	2079100	0.9	0.01	0.01	DELETION	453	3000	0.15	PMY3391
CP003820.1	2152100	2159400	4.75	0.08	0.04	DELETION	2861	7300	0.39	PMY3391
CP003820.1	2267200	2272200	1.54	0.03	0.03	DELETION	100	5000	0.02	PMY3391
CP003820.1	2274000	2291499	8.1	0.14	0.04	DELETION	16378	17499	0.94	PMY3391
CP003821.1	47000	49500	3.34	0.06	0.06	DELETION	2500	2500	1.0	PMY3391
CP003821.1	57000	59200	5.24	0.09	0.11	DELETION	2200	2200	1.0	PMY3391
CP003821.1	272000	274100	14.41	0.24	0.19	DELETION	1349	2100	0.64	PMY3391
CP003821.1	274200	281200	2519.46	42.1	41.43	DUPLICATION	4205	7000	0.6	PMY3391
CP003821.1	281300	283300	2.07	0.03	0.03	DELETION	1956	2000	0.98	PMY3391
CP003821.1	839500	863600	2.59	0.04	0.03	DELETION	24023	24100	1.0	PMY3391
CP003821.1	863800	864100	59.28	0.99	0.31	DELETION	300	300	1.0	PMY3391
CP003821.1	866100	868800	19.2	0.32	0.16	DELETION	2699	2700	1.0	PMY3391
CP003821.1	871200	877500	12.17	0.2	0.1	DELETION	6298	6300	1.0	PMY3391
CP003821.1	878500	883000	4.66	0.08	0.06	DELETION	4498	4500	1.0	PMY3391
CP003821.1	1619400	1621675	1.07	0.02	0.02	DELETION	1636	2275	0.72	PMY3391
CP003822.1	0	10400	0.97	0.02	0.01	DELETION	9938	10400	0.96	PMY3391
CP003822.1	940900	944400	0.55	0.01	0.01	DELETION	3407	3500	0.97	PMY3391
CP003822.1	1375900	1378600	3.35	0.06	0.07	DELETION	2699	2700	1.0	PMY3391
CP003822.1	1380600	1384000	2.59	0.04	0.04	DELETION	3394	3400	1.0	PMY3391
CP003822.1	1385700	1388200	9.84	0.17	0.18	DELETION	2498	2500	1.0	PMY3391
CP003822.1	1395000	1408700	1.02	0.02	0.01	DELETION	11192	13700	0.82	PMY3391
CP003822.1	1572000	1575141	3.24	0.05	0.03	DELETION	3140	3141	1.0	PMY3391
CP003823.1	0	8900	4.64	0.08	0.05	DELETION	8843	8900	0.99	PMY3391
CP003823.1	13300	17400	6.36	0.11	0.04	DELETION	1736	4100	0.42	PMY3391
CP003823.1	724100	729500	26.58	0.44	0.22	DELETION	5399	5400	1.0	PMY3391
CP003823.1	731900	740800	13.27	0.22	0.13	DELETION	8877	8900	1.0	PMY3391
CP003823.1	742200	746300	8.83	0.15	0.11	DELETION	4094	4100	1.0	PMY3391
CP003823.1	1072800	1084805	4.99	0.08	0.02	DELETION	8651	12005	0.72	PMY3391
CP003824.1	0	4000	27.2	0.45	0.01	DELETION	3995	4000	1.0	PMY3391
CP003824.1	7200	46500	128.17	2.14	2.16	DUPLICATION	3233	39300	0.08	PMY3391
CP003824.1	480900	487800	11.32	0.19	0.11	DELETION	2838	6900	0.41	PMY3391
CP003824.1	566600	598100	123.21	2.06	2.04	DUPLICATION	3441	31500	0.11	PMY3391
CP003824.1	804900	834500	119.41	2.0	1.99	DUPLICATION	1051	29600	0.04	PMY3391
CP003824.1	836300	944200	123.28	2.06	2.06	DUPLICATION	2882	107900	0.03	PMY3391
CP003824.1	1560400	1563300	3.29	0.05	0.05	DELETION	2900	2900	1.0	PMY3391
CP003824.1	1565100	1567700	13.55	0.23	0.26	DELETION	2600	2600	1.0	PMY3391
CP003824.1	1569100	1572800	6.79	0.11	0.09	DELETION	3700	3700	1.0	PMY3391
CP003824.1	1809500	1814975	12.53	0.21	0.08	DELETION	5329	5475	0.97	PMY3391
CP003825.1	0	2200	3.44	0.06	0.06	DELETION	2191	2200	1.0	PMY3391
CP003825.1	787300	789800	2.44	0.04	0.04	DELETION	189	2500	0.08	PMY3391
CP003825.1	790100	792600	132.77	2.22	1.97	DUPLICATION	2500	2500	1.0	PMY3391
CP003825.1	793400	795800	12.57	0.21	0.11	DELETION	2394	2400	1.0	PMY3391
CP003825.1	798700	816300	8.66	0.14	0.05	DELETION	15363	17600	0.87	PMY3391
CP003825.1	988000	991000	121.43	2.03	1.96	DUPLICATION	1421	3000	0.47	PMY3391
CP003825.1	1419000	1422463	14.84	0.25	0.11	DELETION	3430	3463	0.99	PMY3391
CP003826.1	0	6700	0.13	0.0	0.0	DELETION	6689	6700	1.0	PMY3391
CP003826.1	164300	167700	124.5	2.08	2.0	DUPLICATION	3400	3400	1.0	PMY3391
CP003826.1	534200	556700	13.82	0.23	0.16	DELETION	22492	22500	1.0	PMY3391
CP003826.1	1189000	1196300	1.7	0.03	0.03	DELETION	398	7300	0.05	PMY3391
CP003826.1	1238600	1239900	9.33	0.16	0.38	DELETION	0	1300	0.0	PMY3391
CP003826.1	1399400	1399503	0.56	0.01	0.02	DELETION	98	103	0.95	PMY3391
CP003827.1	0	16100	4.53	0.08	0.03	DELETION	13399	16100	0.83	PMY3391
CP003827.1	467700	501600	7.58	0.13	0.07	DELETION	33877	33900	1.0	PMY3391
CP003827.1	1059200	1066400	0.35	0.01	0.01	DELETION	404	7200	0.06	PMY3391
CP003827.1	1389200	1398693	1.68	0.03	0.01	DELETION	9337	9493	0.98	PMY3391
CP003828.1	0	1400	0.0	0.0	0.0	DELETION	1398	1400	1.0	PMY3391
CP003828.1	1500	4600	349.02	5.83	4.94	DUPLICATION	2195	3100	0.71	PMY3391
CP003828.1	32000	33700	4.15	0.07	0.07	DELETION	56	1700	0.03	PMY3391
CP003828.1	812500	813400	91.69	1.53	1.66	DUPLICATION	900	900	1.0	PMY3391
CP003828.1	817800	828500	8.69	0.15	0.05	DELETION	10697	10700	1.0	PMY3391
CP003828.1	831500	834300	14.49	0.24	0.17	DELETION	2507	2800	0.9	PMY3391
CP003828.1	1161600	1186808	5.87	0.1	0.0	DELETION	20264	25208	0.8	PMY3391
CP003829.1	0	2000	1.02	0.02	0.02	DELETION	1466	2000	0.73	PMY3391
CP003829.1	206400	226600	16.2	0.27	0.11	DELETION	20188	20200	1.0	PMY3391
CP003829.1	1052500	1059964	1.61	0.03	0.02	DELETION	5638	7464	0.76	PMY3391
CP003830.1	0	8400	1.41	0.02	0.01	DELETION	7577	8400	0.9	PMY3391
CP003830.1	8500	11000	161.14	2.69	2.44	DUPLICATION	179	2500	0.07	PMY3391
CP003830.1	875800	885100	13.03	0.22	0.15	DELETION	8448	9300	0.91	PMY3391
CP003830.1	885600	887400	183.68	3.07	2.44	DUPLICATION	1800	1800	1.0	PMY3391
CP003830.1	888700	889800	33.02	0.55	0.32	DELETION	1100	1100	1.0	PMY3391
CP003830.1	896700	910900	6.08	0.1	0.05	DELETION	12063	14200	0.85	PMY3391
CP003830.1	914000	921500	2.82	0.05	0.04	DELETION	7434	7500	0.99	PMY3391
CP003830.1	1386600	1394200	2.64	0.04	0.02	DELETION	7444	7600	0.98	PMY3391
CP003830.1	1541400	1561994	0.16	0.0	0.0	DELETION	15617	20594	0.76	PMY3391
CP003831.1	0	7600	2.28	0.04	0.03	DELETION	6989	7600	0.92	PMY3391
CP003831.1	9100	10700	7.63	0.13	0.16	DELETION	474	1600	0.3	PMY3391
CP003831.1	145700	148900	26.94	0.45	0.21	DELETION	3199	3200	1.0	PMY3391
CP003831.1	149800	154900	21.45	0.36	0.16	DELETION	5098	5100	1.0	PMY3391
CP003831.1	158300	158500	25.7	0.43	0.35	DELETION	200	200	1.0	PMY3391
CP003831.1	159000	160100	27.65	0.46	0.18	DELETION	1100	1100	1.0	PMY3391
CP003831.1	162900	166600	144.8	2.42	2.22	DUPLICATION	1287	3700	0.35	PMY3391
CP003832.1	200	10800	6.32	0.11	0.04	DELETION	8148	10600	0.77	PMY3391
CP003832.1	125200	129000	8.18	0.14	0.15	DELETION	3793	3800	1.0	PMY3391
CP003832.1	585200	585800	57.37	0.96	0.2	DELETION	599	600	1.0	PMY3391
CP003832.1	587100	601200	13.04	0.22	0.09	DELETION	14098	14100	1.0	PMY3391
CP003832.1	605100	612800	6.26	0.1	0.05	DELETION	7643	7700	0.99	PMY3391
CP003832.1	614600	622300	6.12	0.1	0.08	DELETION	7698	7700	1.0	PMY3391
CP003832.1	745200	747000	96.79	1.62	1.73	DUPLICATION	914	1800	0.51	PMY3391
CP003832.1	754300	756744	1.96	0.03	0.03	DELETION	1688	2444	0.69	PMY3391
CP003833.2	0	600	2.96	0.05	0.05	DELETION	508	600	0.85	PMY3391
CP003833.2	341000	342800	118.1	1.97	1.87	DUPLICATION	0	1800	0.0	PMY3391
CP003833.2	352100	354300	2.87	0.05	0.05	DELETION	0	2200	0.0	PMY3391
CP003833.2	449400	453800	4.23	0.07	0.06	DELETION	4290	4400	0.98	PMY3391
CP003833.2	455200	461300	6.66	0.11	0.06	DELETION	6098	6100	1.0	PMY3391
CP003833.2	463300	463400	98.29	1.64	0.35	DELETION	100	100	1.0	PMY3391
CP003833.2	464200	469600	24.82	0.41	0.13	DELETION	5386	5400	1.0	PMY3391
CP003833.2	934200	935400	29.41	0.49	0.32	DELETION	1200	1200	1.0	PMY3391
CP003833.2	939800	941600	141.17	2.36	1.95	DUPLICATION	1512	1800	0.84	PMY3391
CP003833.2	941700	942867	3.58	0.06	0.07	DELETION	990	1167	0.85	PMY3391
CP003820.1	0	2300	297.53	5.62	5.6	DUPLICATION	0	2300	0.0	PMY3416
CP003820.1	2400	12100	10.47	0.2	0.11	DELETION	9413	9700	0.97	PMY3416
CP003820.1	975700	983300	1.33	0.03	0.02	DELETION	7600	7600	1.0	PMY3416
CP003820.1	1409100	1412100	7.12	0.13	0.13	DELETION	3000	3000	1.0	PMY3416
CP003820.1	1992800	1994100	3.36	0.06	0.38	DELETION	0	1300	0.0	PMY3416
CP003820.1	2077100	2078600	14.89	0.28	0.33	DELETION	46	1500	0.03	PMY3416
CP003820.1	2153700	2158800	12.13	0.23	0.12	DELETION	2256	5100	0.44	PMY3416
CP003820.1	2277100	2281400	13.12	0.25	0.12	DELETION	4300	4300	1.0	PMY3416
CP003820.1	2282200	2283800	106.0	2.0	1.79	DUPLICATION	1596	1600	1.0	PMY3416
CP003820.1	2284100	2286400	2.49	0.05	0.05	DELETION	2299	2300	1.0	PMY3416
CP003820.1	2289000	2289300	57.45	1.09	1.66	DUPLICATION	259	300	0.86	PMY3416
CP003821.1	47500	49400	5.35	0.1	0.17	DELETION	1900	1900	1.0	PMY3416
CP003821.1	57000	58900	5.05	0.1	0.17	DELETION	1900	1900	1.0	PMY3416
CP003821.1	272500	274100	2.85	0.05	0.12	DELETION	1349	1600	0.84	PMY3416
CP003821.1	274300	281100	1333.39	25.18	24.89	DUPLICATION	4005	6800	0.59	PMY3416
CP003821.1	281300	283000	2.87	0.05	0.11	DELETION	1700	1700	1.0	PMY3416
CP003821.1	840000	851800	8.41	0.16	0.08	DELETION	11784	11800	1.0	PMY3416
CP003821.1	857900	859400	5.44	0.1	0.18	DELETION	1500	1500	1.0	PMY3416
CP003821.1	866600	868300	4.07	0.08	0.15	DELETION	1700	1700	1.0	PMY3416
CP003821.1	871500	873500	10.19	0.19	0.19	DELETION	2000	2000	1.0	PMY3416
CP003821.1	1620500	1621675	1.53	0.03	0.03	DELETION	1175	1175	1.0	PMY3416
CP003822.1	0	9100	10.56	0.2	0.1	DELETION	8638	9100	0.95	PMY3416
CP003822.1	941200	944300	7.27	0.14	0.13	DELETION	3100	3100	1.0	PMY3416
CP003822.1	1395400	1408500	1.3	0.02	0.01	DELETION	10950	13100	0.84	PMY3416
CP003822.1	1572200	1575141	1.91	0.04	0.04	DELETION	2940	2941	1.0	PMY3416
CP003823.1	0	7800	14.32	0.27	0.11	DELETION	7743	7800	0.99	PMY3416
CP003823.1	733200	737400	18.64	0.35	0.15	DELETION	4200	4200	1.0	PMY3416
CP003823.1	739800	743000	18.35	0.35	0.33	DELETION	3200	3200	1.0	PMY3416
CP003823.1	743400	743600	43.08	0.82	0.38	DELETION	198	200	0.99	PMY3416
CP003823.1	1081000	1084805	12.21	0.23	0.13	DELETION	3761	3805	0.99	PMY3416
CP003824.1	0	1100	51.54	0.97	0.21	DELETION	1096	1100	1.0	PMY3416
CP003824.1	1500	3100	19.99	0.38	0.29	DELETION	1600	1600	1.0	PMY3416
CP003824.1	481900	487200	10.02	0.19	0.12	DELETION	2238	5300	0.42	PMY3416
CP003824.1	1515600	1516900	15.27	0.29	0.28	DELETION	46	1300	0.04	PMY3416
CP003824.1	1560700	1563200	4.29	0.08	0.1	DELETION	2500	2500	1.0	PMY3416
CP003824.1	1814700	1814975	1.71	0.03	0.04	DELETION	204	275	0.74	PMY3416
CP003825.1	0	2000	1.87	0.04	0.04	DELETION	1996	2000	1.0	PMY3416
CP003825.1	787900	789000	21.69	0.41	0.26	DELETION	0	1100	0.0	PMY3416
CP003825.1	800600	805200	19.2	0.36	0.23	DELETION	4600	4600	1.0	PMY3416
CP003825.1	806000	809700	14.75	0.28	0.18	DELETION	3700	3700	1.0	PMY3416
CP003825.1	814400	816900	6.06	0.11	0.08	DELETION	0	2500	0.0	PMY3416
CP003825.1	1419400	1422463	0.94	0.02	0.02	DELETION	3030	3063	0.99	PMY3416
CP003826.1	0	6400	0.84	0.02	0.01	DELETION	6389	6400	1.0	PMY3416
CP003826.1	535700	537800	14.23	0.27	0.28	DELETION	2100	2100	1.0	PMY3416
CP003826.1	540200	541700	11.09	0.21	0.28	DELETION	1500	1500	1.0	PMY3416
CP003826.1	547100	549100	24.03	0.45	0.35	DELETION	1999	2000	1.0	PMY3416
CP003826.1	1399300	1399503	2.95	0.06	0.06	DELETION	198	203	0.98	PMY3416
CP003827.1	0	11000	5.15	0.1	0.06	DELETION	10342	11000	0.94	PMY3416
CP003827.1	11700	12100	43.95	0.83	0.36	DELETION	400	400	1.0	PMY3416
CP003827.1	474300	476300	14.08	0.27	0.24	DELETION	1998	2000	1.0	PMY3416
CP003827.1	486700	500200	5.14	0.1	0.05	DELETION	13498	13500	1.0	PMY3416
CP003827.1	1389100	1398693	4.14	0.08	0.05	DELETION	9437	9593	0.98	PMY3416
CP003828.1	0	13000	0.6	0.01	0.01	DELETION	7072	13000	0.54	PMY3416
CP003828.1	818700	826800	8.66	0.16	0.11	DELETION	8100	8100	1.0	PMY3416
CP003828.1	1160200	1161500	114.16	2.16	1.75	DUPLICATION	388	1300	0.3	PMY3416
CP003828.1	1161600	1186808	5.8	0.11	0.0	DELETION	20264	25208	0.8	PMY3416
CP003829.1	0	1600	3.07	0.06	0.06	DELETION	1181	1600	0.74	PMY3416
CP003829.1	403700	414600	0.68	0.01	0.01	DELETION	173	10900	0.02	PMY3416
CP003829.1	1053700	1059964	36.29	0.69	0.06	DELETION	4438	6264	0.71	PMY3416
CP003830.1	0	5800	11.73	0.22	0.02	DELETION	5018	5800	0.87	PMY3416
CP003830.1	901300	910700	1.11	0.02	0.02	DELETION	7264	9400	0.77	PMY3416
CP003830.1	914600	917600	7.96	0.15	0.13	DELETION	2999	3000	1.0	PMY3416
CP003830.1	1387300	1394000	10.8	0.2	0.14	DELETION	6700	6700	1.0	PMY3416
CP003830.1	1542200	1561994	0.22	0.0	0.0	DELETION	15389	19794	0.78	PMY3416
CP003831.1	0	6800	6.27	0.12	0.01	DELETION	6408	6800	0.94	PMY3416
CP003832.1	100	7300	3.53	0.07	0.03	DELETION	7188	7200	1.0	PMY3416
CP003832.1	592700	593700	35.18	0.66	0.36	DELETION	1000	1000	1.0	PMY3416
CP003832.1	596700	597300	52.89	1.0	0.36	DELETION	600	600	1.0	PMY3416
CP003832.1	614800	617000	7.46	0.14	0.21	DELETION	2200	2200	1.0	PMY3416
CP003832.1	618800	620000	104.76	1.98	1.65	DUPLICATION	1200	1200	1.0	PMY3416
CP003832.1	755300	756600	20.81	0.39	0.33	DELETION	574	1300	0.44	PMY3416
CP003833.2	156900	159200	1.39	0.03	0.03	DELETION	0	2300	0.0	PMY3416
CP003833.2	340400	342800	103.89	1.96	1.85	DUPLICATION	0	2400	0.0	PMY3416
CP003833.2	351800	354200	2.4	0.05	0.05	DELETION	0	2400	0.0	PMY3416
CP003833.2	449500	453700	0.86	0.02	0.02	DELETION	4090	4200	0.97	PMY3416
CP003833.2	455400	458700	2.31	0.04	0.04	DELETION	3298	3300	1.0	PMY3416
CP003833.2	460700	463500	116.04	2.19	2.23	DUPLICATION	2800	2800	1.0	PMY3416
CP003833.2	942400	942867	16.66	0.31	0.3	DELETION	467	467	1.0	PMY3416
CP003820.1	2200	12800	3.19	0.06	0.02	DELETION	10035	10600	0.95	PMY3537
CP003820.1	308900	311600	3.5	0.06	0.06	DELETION	166	2700	0.06	PMY3537
CP003820.1	975500	983600	1.09	0.02	0.01	DELETION	7883	8100	0.97	PMY3537
CP003820.1	988200	994700	8.55	0.16	0.12	DELETION	6498	6500	1.0	PMY3537
CP003820.1	1408700	1412200	0.29	0.01	0.01	DELETION	3432	3500	0.98	PMY3537
CP003820.1	2076100	2079100	1.25	0.02	0.02	DELETION	453	3000	0.15	PMY3537
CP003820.1	2152000	2159400	2.08	0.04	0.03	DELETION	2861	7400	0.39	PMY3537
CP003820.1	2273100	2291499	6.32	0.12	0.05	DELETION	16405	18399	0.89	PMY3537
CP003821.1	47000	49500	3.27	0.06	0.06	DELETION	2500	2500	1.0	PMY3537
CP003821.1	57100	59400	9.77	0.18	0.21	DELETION	2300	2300	1.0	PMY3537
CP003821.1	269200	270200	27.45	0.51	0.35	DELETION	1000	1000	1.0	PMY3537
CP003821.1	270300	271300	18.2	0.34	0.38	DELETION	188	1000	0.19	PMY3537
CP003821.1	272100	274100	11.05	0.2	0.2	DELETION	1349	2000	0.67	PMY3537
CP003821.1	274300	281200	1667.81	30.82	30.25	DUPLICATION	4105	6900	0.59	PMY3537
CP003821.1	281400	283000	4.74	0.09	0.26	DELETION	1600	1600	1.0	PMY3537
CP003821.1	839400	863000	3.32	0.06	0.03	DELETION	23523	23600	1.0	PMY3537
CP003821.1	866600	869000	18.59	0.34	0.16	DELETION	2399	2400	1.0	PMY3537
CP003821.1	871400	891000	4.37	0.08	0.03	DELETION	19575	19600	1.0	PMY3537
CP003821.1	1620300	1621675	0.77	0.01	0.01	DELETION	1327	1375	0.97	PMY3537
CP003822.1	0	9600	2.06	0.04	0.02	DELETION	9138	9600	0.95	PMY3537
CP003822.1	940800	944400	0.81	0.02	0.02	DELETION	3407	3600	0.95	PMY3537
CP003822.1	1382600	1384100	8.79	0.16	0.29	DELETION	1495	1500	1.0	PMY3537
CP003822.1	1385700	1393800	5.74	0.11	0.04	DELETION	8091	8100	1.0	PMY3537
CP003822.1	1394000	1408700	4.27	0.08	0.03	DELETION	11754	14700	0.8	PMY3537
CP003822.1	1571800	1575141	0.46	0.01	0.01	DELETION	3279	3341	0.98	PMY3537
CP003823.1	0	9100	3.91	0.07	0.05	DELETION	9043	9100	0.99	PMY3537
CP003823.1	13100	17400	7.86	0.15	0.06	DELETION	1936	4300	0.45	PMY3537
CP003823.1	722500	723300	45.01	0.83	0.39	DELETION	800	800	1.0	PMY3537
CP003823.1	723700	730100	10.75	0.2	0.12	DELETION	6399	6400	1.0	PMY3537
CP003823.1	732000	741000	9.55	0.18	0.11	DELETION	8977	9000	1.0	PMY3537
CP003823.1	741600	745600	15.68	0.29	0.17	DELETION	3995	4000	1.0	PMY3537
CP003823.1	1070700	1084805	4.03	0.07	0.02	DELETION	8651	14105	0.61	PMY3537
CP003824.1	0	6600	7.15	0.13	0.03	DELETION	5464	6600	0.83	PMY3537
CP003824.1	480500	487800	4.27	0.08	0.04	DELETION	2856	7300	0.39	PMY3537
CP003824.1	587900	589100	144.78	2.68	1.67	DUPLICATION	585	1200	0.49	PMY3537
CP003824.1	1560400	1563500	7.06	0.13	0.11	DELETION	3100	3100	1.0	PMY3537
CP003824.1	1564500	1565000	44.64	0.83	0.36	DELETION	500	500	1.0	PMY3537
CP003824.1	1565100	1571800	10.63	0.2	0.13	DELETION	6700	6700	1.0	PMY3537
CP003824.1	1809600	1814975	5.97	0.11	0.04	DELETION	5254	5375	0.98	PMY3537
CP003825.1	0	3100	9.06	0.17	0.04	DELETION	2191	3100	0.71	PMY3537
CP003825.1	787500	789800	3.71	0.07	0.05	DELETION	189	2300	0.08	PMY3537
CP003825.1	790300	793100	106.58	1.97	1.88	DUPLICATION	2800	2800	1.0	PMY3537
CP003825.1	795300	796800	32.4	0.6	0.32	DELETION	1500	1500	1.0	PMY3537
CP003825.1	797200	816400	9.76	0.18	0.09	DELETION	16863	19200	0.88	PMY3537
CP003825.1	988100	990900	108.2	2.0	1.93	DUPLICATION	1421	2800	0.51	PMY3537
CP003825.1	1419000	1422463	11.55	0.21	0.08	DELETION	3430	3463	0.99	PMY3537
CP003826.1	0	6700	0.07	0.0	0.0	DELETION	6689	6700	1.0	PMY3537
CP003826.1	164200	167800	115.78	2.14	2.09	DUPLICATION	3600	3600	1.0	PMY3537
CP003826.1	534300	563200	10.86	0.2	0.14	DELETION	28888	28900	1.0	PMY3537
CP003826.1	583500	586700	0.4	0.01	0.01	DELETION	472	3200	0.15	PMY3537
CP003826.1	1238500	1239800	11.28	0.21	0.38	DELETION	0	1300	0.0	PMY3537
CP003826.1	1277100	1277500	22.3	0.41	0.39	DELETION	0	400	0.0	PMY3537
CP003826.1	1398100	1399503	15.24	0.28	0.08	DELETION	1398	1403	1.0	PMY3537
CP003827.1	0	12800	6.71	0.12	0.05	DELETION	12142	12800	0.95	PMY3537
CP003827.1	454500	459300	3.93	0.07	0.06	DELETION	2022	4800	0.42	PMY3537
CP003827.1	464800	479600	12.4	0.23	0.14	DELETION	14779	14800	1.0	PMY3537
CP003827.1	481700	502700	5.97	0.11	0.05	DELETION	20998	21000	1.0	PMY3537
CP003827.1	1042000	1044600	1.52	0.03	0.03	DELETION	2571	2600	0.99	PMY3537
CP003827.1	1059200	1066400	0.77	0.01	0.01	DELETION	404	7200	0.06	PMY3537
CP003827.1	1247700	1252500	3.91	0.07	0.05	DELETION	77	4800	0.02	PMY3537
CP003827.1	1389200	1398693	1.05	0.02	0.01	DELETION	9337	9493	0.98	PMY3537
CP003828.1	0	1900	0.76	0.01	0.01	DELETION	1435	1900	0.76	PMY3537
CP003828.1	3500	8500	2.03	0.04	0.03	DELETION	2270	5000	0.45	PMY3537
CP003828.1	811500	828000	8.21	0.15	0.05	DELETION	16120	16500	0.98	PMY3537
CP003828.1	831100	834300	11.99	0.22	0.15	DELETION	2907	3200	0.91	PMY3537
CP003828.1	1161600	1186808	1.39	0.03	0.0	DELETION	20264	25208	0.8	PMY3537
CP003829.1	0	1900	1.78	0.03	0.04	DELETION	1466	1900	0.77	PMY3537
CP003829.1	215600	226700	16.57	0.31	0.1	DELETION	11095	11100	1.0	PMY3537
CP003829.1	1052500	1059964	9.93	0.18	0.03	DELETION	5638	7464	0.76	PMY3537
CP003830.1	0	8400	7.66	0.14	0.02	DELETION	7577	8400	0.9	PMY3537
CP003830.1	8700	11000	136.26	2.52	2.24	DUPLICATION	170	2300	0.07	PMY3537
CP003830.1	876000	885500	7.61	0.14	0.08	DELETION	8648	9500	0.91	PMY3537
CP003830.1	888100	890500	16.54	0.31	0.26	DELETION	2400	2400	1.0	PMY3537
CP003830.1	894200	910800	6.59	0.12	0.06	DELETION	14463	16600	0.87	PMY3537
CP003830.1	914000	926200	6.58	0.12	0.05	DELETION	12130	12200	0.99	PMY3537
CP003830.1	1386400	1394200	6.73	0.12	0.06	DELETION	7444	7800	0.95	PMY3537
CP003830.1	1541400	1561994	0.05	0.0	0.0	DELETION	15617	20594	0.76	PMY3537
CP003831.1	0	16900	3.86	0.07	0.02	DELETION	10801	16900	0.64	PMY3537
CP003831.1	145700	148600	15.65	0.29	0.22	DELETION	2899	2900	1.0	PMY3537
CP003831.1	150000	153600	16.85	0.31	0.24	DELETION	3599	3600	1.0	PMY3537
CP003831.1	154300	155000	40.65	0.75	0.26	DELETION	700	700	1.0	PMY3537
CP003831.1	159100	160100	34.35	0.64	0.22	DELETION	1000	1000	1.0	PMY3537
CP003831.1	164600	166600	120.71	2.23	2.04	DUPLICATION	193	2000	0.1	PMY3537
CP003832.1	0	11800	8.91	0.16	0.09	DELETION	9278	11800	0.79	PMY3537
CP003832.1	588800	601700	12.93	0.24	0.13	DELETION	12898	12900	1.0	PMY3537
CP003832.1	602500	608300	22.42	0.41	0.08	DELETION	5414	5800	0.93	PMY3537
CP003832.1	614400	623300	10.66	0.2	0.12	DELETION	8508	8900	0.96	PMY3537
CP003832.1	743000	745600	125.52	2.32	1.91	DUPLICATION	775	2600	0.3	PMY3537
CP003832.1	751500	752700	13.38	0.25	0.35	DELETION	268	1200	0.22	PMY3537
CP003832.1	755200	756744	12.81	0.24	0.15	DELETION	818	1544	0.53	PMY3537
CP003833.2	0	600	2.62	0.05	0.29	DELETION	508	600	0.85	PMY3537
CP003833.2	281700	284900	0.71	0.01	0.02	DELETION	0	3200	0.0	PMY3537
CP003833.2	340800	342900	103.11	1.9	1.77	DUPLICATION	0	2100	0.0	PMY3537
CP003833.2	352100	354200	2.92	0.05	0.06	DELETION	0	2100	0.0	PMY3537
CP003833.2	449400	461000	9.6	0.18	0.09	DELETION	11488	11600	0.99	PMY3537
CP003833.2	463400	465400	11.96	0.22	0.28	DELETION	1999	2000	1.0	PMY3537
CP003833.2	934300	935200	26.11	0.48	0.38	DELETION	900	900	1.0	PMY3537
CP003833.2	936300	942867	5.09	0.09	0.04	DELETION	5982	6567	0.91	PMY3537
CP003820.1	0	2300	245.45	5.93	5.84	DUPLICATION	0	2300	0.0	PMY3624
CP003820.1	2400	12100	6.83	0.17	0.09	DELETION	9413	9700	0.97	PMY3624
CP003820.1	122300	630800	81.29	1.97	1.96	DUPLICATION	11646	508500	0.02	PMY3624
CP003820.1	631200	844300	80.06	1.94	1.94	DUPLICATION	2080	213100	0.01	PMY3624
CP003820.1	844400	975700	79.77	1.93	1.94	DUPLICATION	8445	131300	0.06	PMY3624
CP003820.1	975900	983100	1.2	0.03	0.02	DELETION	7200	7200	1.0	PMY3624
CP003820.1	983400	990900	78.82	1.91	1.91	DUPLICATION	6274	7500	0.84	PMY3624
CP003820.1	993500	1408900	81.74	1.98	1.98	DUPLICATION	19657	415400	0.05	PMY3624
CP003820.1	1409600	1411800	10.47	0.25	0.16	DELETION	2200	2200	1.0	PMY3624
CP003820.1	1412200	1546900	80.99	1.96	1.96	DUPLICATION	2729	134700	0.02	PMY3624
CP003820.1	1861200	1992800	81.6	1.97	1.97	DUPLICATION	3229	131600	0.02	PMY3624
CP003820.1	1994200	2076400	81.34	1.97	1.96	DUPLICATION	1643	82200	0.02	PMY3624
CP003820.1	2078900	2137500	80.39	1.94	1.94	DUPLICATION	1423	58600	0.02	PMY3624
CP003820.1	2154100	2155100	29.75	0.72	0.28	DELETION	30	1000	0.03	PMY3624
CP003820.1	2155300	2158800	4.78	0.12	0.08	DELETION	2138	3500	0.61	PMY3624
CP003820.1	2264500	2276400	79.17	1.91	1.9	DUPLICATION	1830	11900	0.15	PMY3624
CP003820.1	2277500	2280700	11.13	0.27	0.08	DELETION	3200	3200	1.0	PMY3624
CP003820.1	2282000	2283900	113.59	2.75	2.57	DUPLICATION	1874	1900	0.99	PMY3624
CP003820.1	2284200	2286400	2.47	0.06	0.06	DELETION	2199	2200	1.0	PMY3624
CP003820.1	2286900	2290100	96.7	2.34	2.17	DUPLICATION	2807	3200	0.88	PMY3624
CP003821.1	47600	49300	4.12	0.1	0.17	DELETION	1700	1700	1.0	PMY3624
CP003821.1	57000	58900	4.49	0.11	0.19	DELETION	1900	1900	1.0	PMY3624
CP003821.1	272400	274100	4.07	0.1	0.16	DELETION	1349	1700	0.79	PMY3624
CP003821.1	274300	281200	1851.17	44.75	44.19	DUPLICATION	4105	6900	0.59	PMY3624
CP003821.1	281400	283000	1.73	0.04	0.13	DELETION	1600	1600	1.0	PMY3624
CP003821.1	840000	851700	6.71	0.16	0.09	DELETION	11684	11700	1.0	PMY3624
CP003821.1	857900	859300	4.49	0.11	0.31	DELETION	1400	1400	1.0	PMY3624
CP003821.1	866300	868400	3.54	0.09	0.12	DELETION	2100	2100	1.0	PMY3624
CP003821.1	871400	873300	3.66	0.09	0.11	DELETION	1900	1900	1.0	PMY3624
CP003821.1	1620500	1621675	1.65	0.04	0.04	DELETION	1175	1175	1.0	PMY3624
CP003822.1	0	8400	6.25	0.15	0.07	DELETION	8350	8400	0.99	PMY3624
CP003822.1	941400	944200	5.07	0.12	0.11	DELETION	2800	2800	1.0	PMY3624
CP003822.1	1395500	1408500	1.5	0.04	0.01	DELETION	10850	13000	0.83	PMY3624
CP003822.1	1450800	1455500	0.04	0.0	0.0	DELETION	175	4700	0.04	PMY3624
CP003822.1	1572100	1575141	1.15	0.03	0.03	DELETION	3040	3041	1.0	PMY3624
CP003823.1	0	7800	11.28	0.27	0.12	DELETION	7743	7800	0.99	PMY3624
CP003823.1	733300	733600	86.54	2.09	0.35	DELETION	300	300	1.0	PMY3624
CP003823.1	734400	737500	4.26	0.1	0.08	DELETION	3100	3100	1.0	PMY3624
CP003823.1	739800	742700	11.01	0.27	0.26	DELETION	2900	2900	1.0	PMY3624
CP003823.1	1080500	1084805	16.22	0.39	0.14	DELETION	4261	4305	0.99	PMY3624
CP003824.1	0	1100	37.3	0.9	0.23	DELETION	1096	1100	1.0	PMY3624
CP003824.1	2000	2900	19.47	0.47	0.27	DELETION	900	900	1.0	PMY3624
CP003824.1	482200	487200	8.19	0.2	0.12	DELETION	2172	5000	0.43	PMY3624
CP003824.1	1515600	1516600	14.53	0.35	0.3	DELETION	0	1000	0.0	PMY3624
CP003824.1	1560900	1563200	3.51	0.09	0.09	DELETION	2300	2300	1.0	PMY3624
CP003824.1	1814700	1814975	1.18	0.03	0.04	DELETION	204	275	0.74	PMY3624
CP003825.1	0	2100	1.95	0.05	0.05	DELETION	2096	2100	1.0	PMY3624
CP003825.1	787700	789100	17.74	0.43	0.27	DELETION	0	1400	0.0	PMY3624
CP003825.1	800600	805100	12.38	0.3	0.19	DELETION	4500	4500	1.0	PMY3624
CP003825.1	806100	811000	17.08	0.41	0.22	DELETION	4900	4900	1.0	PMY3624
CP003825.1	814400	816600	2.17	0.05	0.05	DELETION	0	2200	0.0	PMY3624
CP003825.1	1419200	1422463	1.47	0.04	0.03	DELETION	3230	3263	0.99	PMY3624
CP003826.1	0	6300	0.61	0.01	0.01	DELETION	6289	6300	1.0	PMY3624
CP003826.1	535400	537900	11.96	0.29	0.24	DELETION	2500	2500	1.0	PMY3624
CP003826.1	540600	541300	20.77	0.5	0.31	DELETION	700	700	1.0	PMY3624
CP003826.1	1399200	1399503	8.56	0.2	0.15	DELETION	298	303	0.98	PMY3624
CP003827.1	0	10900	5.12	0.12	0.07	DELETION	10242	10900	0.94	PMY3624
CP003827.1	474200	476300	11.58	0.28	0.2	DELETION	2098	2100	1.0	PMY3624
CP003827.1	487000	499500	2.24	0.05	0.03	DELETION	12498	12500	1.0	PMY3624
CP003827.1	1389200	1398693	3.74	0.09	0.06	DELETION	9337	9493	0.98	PMY3624
CP003828.1	0	13000	0.09	0.0	0.0	DELETION	7072	13000	0.54	PMY3624
CP003828.1	818600	826800	6.67	0.16	0.11	DELETION	8200	8200	1.0	PMY3624
CP003828.1	1160200	1161500	84.08	2.03	1.71	DUPLICATION	388	1300	0.3	PMY3624
CP003828.1	1161600	1186808	6.09	0.15	0.0	DELETION	20264	25208	0.8	PMY3624
CP003829.1	0	1600	1.93	0.05	0.08	DELETION	1181	1600	0.74	PMY3624
CP003829.1	403700	414500	0.14	0.0	0.0	DELETION	173	10800	0.02	PMY3624
CP003829.1	1053800	1059964	29.85	0.72	0.04	DELETION	4338	6164	0.7	PMY3624
CP003830.1	0	5800	8.74	0.21	0.01	DELETION	5018	5800	0.87	PMY3624
CP003830.1	901400	910700	0.58	0.01	0.01	DELETION	7164	9300	0.77	PMY3624
CP003830.1	914500	917600	6.77	0.16	0.13	DELETION	3099	3100	1.0	PMY3624
CP003830.1	1387300	1394000	7.7	0.19	0.14	DELETION	6700	6700	1.0	PMY3624
CP003830.1	1542300	1561994	0.12	0.0	0.0	DELETION	15289	19694	0.78	PMY3624
CP003831.1	0	6900	7.69	0.19	0.01	DELETION	6508	6900	0.94	PMY3624
CP003832.1	400	7400	2.67	0.06	0.04	DELETION	6991	7000	1.0	PMY3624
CP003832.1	592600	593800	19.6	0.47	0.3	DELETION	1200	1200	1.0	PMY3624
CP003832.1	614900	617200	6.63	0.16	0.25	DELETION	2300	2300	1.0	PMY3624
CP003832.1	755300	756200	24.82	0.6	0.33	DELETION	548	900	0.61	PMY3624
CP003833.2	157000	159200	0.24	0.01	0.01	DELETION	0	2200	0.0	PMY3624
CP003833.2	340600	343000	75.09	1.81	1.79	DUPLICATION	0	2400	0.0	PMY3624
CP003833.2	351800	354200	1.66	0.04	0.04	DELETION	0	2400	0.0	PMY3624
CP003833.2	449500	453800	0.82	0.02	0.02	DELETION	4190	4300	0.97	PMY3624
CP003833.2	455500	458700	1.39	0.03	0.03	DELETION	3198	3200	1.0	PMY3624
CP003833.2	460800	463400	76.96	1.86	1.91	DUPLICATION	2600	2600	1.0	PMY3624
CP003833.2	941700	942867	8.85	0.21	0.29	DELETION	990	1167	0.85	PMY3624
